{
    "info": {
        "num_slices": 5,
        "num_topics": 5,
        "time_slices": [
            0,
            8,
            11,
            15,
            0
        ]
    },
    "themes": [
        "0.011*rule + 0.010*shape + 0.009*superstructur + 0.009*consequ + 0.008*occur + 0.008*append + 0.008*freedom",
        "0.010*structur + 0.009*process + 0.006*system + 0.006*comput + 0.006*develop + 0.006*capabl + 0.006*symbol",
        "0.051*work + 0.035*comput + 0.023*peopl + 0.021*start + 0.014*year + 0.013*interest + 0.009*turn"
    ],
    "time_slice_0": {},
    "time_slice_0_topics": [
        "0.051*work + 0.035*comput + 0.023*peopl + 0.021*start + 0.014*year + 0.013*interest + 0.009*turn",
        "0.051*work + 0.035*comput + 0.023*peopl + 0.021*start + 0.014*year + 0.013*interest + 0.009*turn",
        "0.051*work + 0.035*comput + 0.023*peopl + 0.021*start + 0.014*year + 0.013*interest + 0.009*turn",
        "0.051*work + 0.035*comput + 0.023*peopl + 0.021*start + 0.014*year + 0.013*interest + 0.009*turn",
        "0.051*work + 0.035*comput + 0.023*peopl + 0.021*start + 0.014*year + 0.013*interest + 0.009*turn"
    ],
    "time_slice_1": {
        "doc_0": [
            1.0664101706014324e-46,
            2.179827304856684e-46,
            0.031812412940525059,
            0.057686954557371245,
            0.064796379993925984
        ],
        "doc_1": [
            0.13449512150877271,
            0.17287991588967147,
            0.27071815488384682,
            0.27459180715257286,
            0.30529139690644175
        ],
        "doc_2": [
            2.1058204765207623e-46,
            0.011263668718255274,
            0.012171087773537955,
            0.01949959443533383,
            0.023380849437837543
        ],
        "doc_3": [
            2.6508329061243602e-46,
            0.010687266509494283,
            0.023360853333452256,
            0.025841740935331887,
            0.029728018576842614
        ],
        "doc_4": [
            4.441996938905957e-46,
            0.008293322197758338,
            0.023628397585415,
            0.027039877423133487,
            0.033550234983760557
        ],
        "doc_5": [
            4.7950919608857681e-47,
            7.820290388185118e-47,
            0.044282214558648288,
            0.056349720805305162,
            0.065315460236040582
        ],
        "doc_6": [
            0.038275231734577905,
            0.07226475031166768,
            0.095425951660453201,
            0.11638289961556952,
            0.12226431574665016
        ],
        "doc_7": [
            0.012441435070422545,
            0.031338828901314557,
            0.031653736757447697,
            0.040367261558297618,
            0.088620996976860017
        ]
    },
    "time_slice_1_topics": [
        "0.051*work + 0.035*comput + 0.023*peopl + 0.021*start + 0.014*year + 0.013*interest + 0.009*turn",
        "0.011*rule + 0.010*shape + 0.009*superstructur + 0.009*consequ + 0.008*occur + 0.008*append + 0.008*freedom",
        "0.010*structur + 0.009*process + 0.006*system + 0.006*comput + 0.006*develop + 0.006*capabl + 0.006*symbol",
        "0.008*system + 0.006*work + 0.006*will + 0.005*augment + 0.005*knowledg + 0.004*support + 0.004*comput",
        "0.024*capabl + 0.023*system + 0.018*chang + 0.017*organ + 0.017*comput + 0.016*human + 0.014*work"
    ],
    "time_slice_2": {
        "doc_10": [
            2.6198923744567266e-47,
            0.0118060830737238,
            0.024176180637653217,
            0.02469269219469656,
            0.03947875718287408
        ],
        "doc_11": [
            2.088414231489307e-47,
            2.6199688514619404e-47,
            2.8295124884194305e-47,
            0.0025664923199737884,
            0.031923944928116649
        ],
        "doc_12": [
            1.9151535628256927e-47,
            2.6041603756694758e-47,
            2.62171163083073e-47,
            0.010258111771464681,
            0.031937734535595903
        ],
        "doc_13": [
            1.7849217330910531e-47,
            2.3615585416785922e-47,
            2.3672957513386372e-47,
            0.015598803548942908,
            0.028382280791549246
        ],
        "doc_14": [
            3.7306342992987667e-47,
            0.0085671329288927803,
            0.01925056192444977,
            0.032195141151004962,
            0.039910746143619731
        ],
        "doc_15": [
            1.6190098274333575e-47,
            2.1559651461073508e-47,
            2.2244946581299686e-47,
            2.2870049064766603e-47,
            0.029114484696731328
        ],
        "doc_16": [
            1.4586642688934452e-47,
            0.00099894188032396232,
            0.0027311370165583214,
            0.022230987787049898,
            0.037219081571503124
        ],
        "doc_17": [
            0.00027928693959600664,
            0.055243866976477818,
            0.069694582470199579,
            0.069811649109545376,
            0.078745888512948947
        ],
        "doc_18": [
            2.4986532364364644e-47,
            0.022407671507817008,
            0.043872406068758953,
            0.050126500009319411,
            0.057326358176205412
        ],
        "doc_8": [
            3.3773778144061773e-47,
            0.024760414920524262,
            0.033291257672648705,
            0.042942944781498175,
            0.046376254447956379
        ],
        "doc_9": [
            2.4643886683563096e-47,
            2.551511540784312e-47,
            0.012335678285584857,
            0.01254075576965836,
            0.039023101570637875
        ]
    },
    "time_slice_2_topics": [
        "0.051*work + 0.035*comput + 0.023*peopl + 0.021*start + 0.014*year + 0.013*interest + 0.009*turn",
        "0.010*structur + 0.009*process + 0.006*system + 0.006*comput + 0.006*develop + 0.006*capabl + 0.006*symbol",
        "0.024*capabl + 0.023*system + 0.018*chang + 0.017*organ + 0.017*comput + 0.016*human + 0.014*work",
        "0.011*rule + 0.010*shape + 0.009*superstructur + 0.009*consequ + 0.008*occur + 0.008*append + 0.008*freedom",
        "0.008*system + 0.006*work + 0.006*will + 0.005*augment + 0.005*knowledg + 0.004*support + 0.004*comput"
    ],
    "time_slice_3": {
        "doc_19": [
            3.2504713178448388e-49,
            0.0016034842477540647,
            0.0016913433450386141,
            0.0039649632135329137,
            0.0040764919022384443
        ],
        "doc_20": [
            7.4330411590705092e-49,
            0.00017243517509306266,
            0.0004378504541245124,
            0.0012832447942192988,
            0.0018231580068956809
        ],
        "doc_21": [
            1.1718098697568717e-05,
            0.0022941535355627202,
            0.0033565850975509799,
            0.0038772378136982992,
            0.0046961164965386411
        ],
        "doc_22": [
            2.7584949754231828e-49,
            2.414162008327243e-05,
            7.9049679295872002e-05,
            0.00040088449854278052,
            0.0066701337409492672
        ],
        "doc_23": [
            3.6717181975669302e-48,
            4.3083017593277588e-48,
            5.4670494907467775e-48,
            0.00031763360782461719,
            0.00062793681891832502
        ],
        "doc_24": [
            3.3846783423866307e-49,
            0.00054921162591295262,
            0.0013060739746506248,
            0.0027238622241703668,
            0.0051039852991556422
        ],
        "doc_25": [
            4.5940411356228684e-49,
            0.0016134336163420105,
            0.0019837829630353272,
            0.0020686116535242791,
            0.0049577666201954564
        ],
        "doc_26": [
            1.8158582015479683e-48,
            1.9046757841970453e-48,
            2.2679756988275843e-48,
            0.00098465122579164429,
            0.0013109903693852938
        ],