{
    "info": {
        "num_slices": 5,
        "num_topics": 7,
        "time_slices": [
            3,
            9,
            5,
            8,
            0
        ]
    },
    "time_slice_0": {
        "doc_0": [
            0.027602880976493268,
            0.03199231832030467,
            0.039210436297340799,
            0.05339730095659663,
            0.068643254315158483,
            0.090476139946859907,
            0.13239388180932554
        ],
        "doc_1": [
            0.072512014425967247,
            0.080686902729478788,
            0.12637083359116213,
            0.2000468440838265,
            0.21518187023371715,
            0.34313471904943166,
            0.44027524171815524
        ],
        "doc_2": [
            0.04175067000181644,
            0.046136571036077927,
            0.056792584363515392,
            0.08237370288636453,
            0.088215746340525827,
            0.10289808027017987,
            0.13504507445544076
        ]
    },
    "time_slice_0_topics": [
        "0.027*process + 0.025*structur + 0.011*symbol + 0.008*concept + 0.007*develop + 0.007*human + 0.007*type + 0.006*comput + 0.005*system + 0.005*problem + 0.004*manipul + 0.004*framework + 0.004*work + 0.004*capabl + 0.004*augment",
        "0.027*process + 0.025*structur + 0.011*symbol + 0.008*concept + 0.007*develop + 0.007*human + 0.007*type + 0.006*comput + 0.005*system + 0.005*problem + 0.004*manipul + 0.004*framework + 0.004*work + 0.004*capabl + 0.004*augment",
        "0.027*process + 0.025*structur + 0.011*symbol + 0.008*concept + 0.007*develop + 0.007*human + 0.007*type + 0.006*comput + 0.005*system + 0.005*problem + 0.004*manipul + 0.004*framework + 0.004*work + 0.004*capabl + 0.004*augment",
        "0.027*process + 0.025*structur + 0.011*symbol + 0.008*concept + 0.007*develop + 0.007*human + 0.007*type + 0.006*comput + 0.005*system + 0.005*problem + 0.004*manipul + 0.004*framework + 0.004*work + 0.004*capabl + 0.004*augment",
        "0.027*process + 0.025*structur + 0.011*symbol + 0.008*concept + 0.007*develop + 0.007*human + 0.007*type + 0.006*comput + 0.005*system + 0.005*problem + 0.004*manipul + 0.004*framework + 0.004*work + 0.004*capabl + 0.004*augment",
        "0.027*process + 0.025*structur + 0.011*symbol + 0.008*concept + 0.007*develop + 0.007*human + 0.007*type + 0.006*comput + 0.005*system + 0.005*problem + 0.004*manipul + 0.004*framework + 0.004*work + 0.004*capabl + 0.004*augment",
        "0.027*process + 0.025*structur + 0.011*symbol + 0.008*concept + 0.007*develop + 0.007*human + 0.007*type + 0.006*comput + 0.005*system + 0.005*problem + 0.004*manipul + 0.004*framework + 0.004*work + 0.004*capabl + 0.004*augment"
    ],
    "time_slice_1": {
        "doc_10": [
            0.0018452972139972831,
            0.0020676301358896385,
            0.012110266576369967,
            0.031367057574316862,
            0.035253113800059639,
            0.059883580561203763,
            0.069607521858670376
        ],
        "doc_11": [
            1.0029623524915877e-47,
            0.0083023033169290477,
            0.011255096163254768,
            0.020434160044243255,
            0.02801341599451208,
            0.056580241565663013,
            0.07991879095310582
        ],
        "doc_3": [
            0.021668470742112752,
            0.026593128045631065,
            0.0373793612595993,
            0.061257419493756869,
            0.062531169176757564,
            0.071447486317826409,
            0.076199993241542405
        ],
        "doc_4": [
            0.018472855613513986,
            0.01874589689731614,
            0.018993512601318447,
            0.03715836566311817,
            0.042519798166721585,
            0.046539972836667859,
            0.060565215133768495
        ],
        "doc_5": [
            0.0042322933476508038,
            0.010702726428691967,
            0.015167335533337011,
            0.027469661349231574,
            0.034598336080797744,
            0.053311073037145565,
            0.097377425259666514
        ],
        "doc_6": [
            0.008593867132155859,
            0.0086592255339858568,
            0.013979649312571091,
            0.0175204869093415,
            0.032408750547745759,
            0.053974437131567236,
            0.059417184239688996
        ],
        "doc_7": [
            0.0036320265304377593,
            0.009270495873103031,
            0.0099022930135091673,
            0.024713528287966857,
            0.036870171309669533,
            0.041470945777329744,
            0.062215458509897098
        ],
        "doc_8": [
            0.0033209136556299479,
            0.0085983312340055726,
            0.011503668031590525,
            0.014852824927301587,
            0.02800840033024771,
            0.039381790124573282,
            0.068262952008179389
        ],
        "doc_9": [
            0.0039419527388949117,
            0.0065164272288043114,
            0.0088148214968649125,
            0.01439005728922318,
            0.028914328018075267,
            0.040511075670445561,
            0.075552315591351199
        ]
    },
    "time_slice_1_topics": [
        "0.027*process + 0.025*structur + 0.011*symbol + 0.008*concept + 0.007*develop + 0.007*human + 0.007*type + 0.006*comput + 0.005*system + 0.005*problem + 0.004*manipul + 0.004*framework + 0.004*work + 0.004*capabl + 0.004*augment",
        "0.088*time + 0.074*control + 0.073*display + 0.066*design + 0.058*statement + 0.047*view + 0.042*oper + 0.035*move + 0.032*charact + 0.032*studi + 0.032*point + 0.030*devic + 0.028*subject + 0.027*entiti + 0.027*word",
        "0.053*item + 0.047*skill + 0.036*report + 0.026*softwar + 0.024*dialogu + 0.023*park + 0.023*close + 0.023*connect + 0.022*jump + 0.022*offer + 0.020*menlo + 0.020*translat + 0.019*keyboard + 0.017*research + 0.017*camera",
        "0.070*system + 0.049*develop + 0.045*capabl + 0.042*work + 0.042*human + 0.029*organ + 0.029*knowledg + 0.026*user + 0.024*problem + 0.022*improv + 0.017*tool + 0.014*level + 0.013*kind + 0.013*technolog + 0.013*activ",
        "0.051*comput + 0.020*support + 0.018*will + 0.016*peopl + 0.016*call + 0.016*chang + 0.013*start + 0.013*link + 0.013*basic + 0.012*set + 0.012*servic + 0.011*network + 0.011*complex + 0.011*commun + 0.011*sort",
        "0.064*augment + 0.050*file + 0.026*command + 0.023*flexibl + 0.018*journal + 0.017*termin + 0.016*target + 0.015*includ + 0.015*graphic + 0.015*confer + 0.014*refer + 0.012*featur + 0.011*enabl + 0.010*bug + 0.009*content",
        "0.036*mental + 0.025*note + 0.025*hierarchi + 0.022*card + 0.021*mode + 0.021*situat + 0.020*space + 0.020*motion + 0.018*methodolog + 0.016*organiz + 0.016*rel + 0.015*crt + 0.014*switch + 0.014*substructur + 0.013*facilit"
    ],
    "time_slice_2": {
        "doc_12": [
            0.0056565391088974886,
            0.0063845438066105235,
            0.0074785705994930198,
            0.011458211643483762,
            0.01200602803129816,
            0.014250625825422055,
            0.018017106975088105
        ],
        "doc_13": [
            0.0077483324774123711,
            0.0096918457032766168,
            0.010204363125895571,
            0.017056355692872931,
            0.018306200882641521,
            0.025228241295979136,
            0.026985391371480989
        ],
        "doc_14": [
            0.010872128202422145,
            0.012734626879621102,
            0.015975872281429049,
            0.02654872679921513,
            0.027618746768401516,
            0.037509852901569218,
            0.044157929046047942
        ],
        "doc_15": [
            0.0029156410556904246,
            0.0054810936614485706,
            0.0062855402571720164,
            0.014011742151857087,
            0.014726629425090496,
            0.016444132384008655,
            0.019220800634477508
        ],