{
    "info": {
        "num_slices": 5,
        "num_topics": 10,
        "time_slices": [
            0,
            8,
            11,
            15,
            0
        ]
    },
    "themes": [
        "0.027*work + 0.020*comput + 0.019*system + 0.016*peopl + 0.015*time",
        "0.019*devic + 0.016*select + 0.013*time + 0.012*target + 0.010*subject"
    ],
    "time_slice_0": {},
    "time_slice_0_topics": [
        "0.027*work + 0.020*comput + 0.019*system + 0.016*peopl + 0.015*time",
        "0.027*work + 0.020*comput + 0.019*system + 0.016*peopl + 0.015*time",
        "0.027*work + 0.020*comput + 0.019*system + 0.016*peopl + 0.015*time",
        "0.027*work + 0.020*comput + 0.019*system + 0.016*peopl + 0.015*time",
        "0.027*work + 0.020*comput + 0.019*system + 0.016*peopl + 0.015*time",
        "0.027*work + 0.020*comput + 0.019*system + 0.016*peopl + 0.015*time",
        "0.027*work + 0.020*comput + 0.019*system + 0.016*peopl + 0.015*time",
        "0.027*work + 0.020*comput + 0.019*system + 0.016*peopl + 0.015*time",
        "0.027*work + 0.020*comput + 0.019*system + 0.016*peopl + 0.015*time",
        "0.027*work + 0.020*comput + 0.019*system + 0.016*peopl + 0.015*time"
    ],
    "time_slice_1": {
        "doc_0": [
            0.0018337149725571277,
            0.0061855328993262347,
            0.017377073322243294,
            0.027149038901169542,
            0.030764564599639048,
            0.031321423211656971,
            0.038181883295995755,
            0.041467481044642783,
            0.053698960312992587,
            0.10452630367513745
        ],
        "doc_1": [
            0.022000743558639957,
            0.026387409357088127,
            0.055687889049532938,
            0.067730569740402369,
            0.079226290173052619,
            0.083219032851502034,
            0.23959169622293836,
            0.25608508942050351,
            0.29236067925596937,
            0.31558163707322007
        ],
        "doc_2": [
            7.1603575496343411e-48,
            0.0010280134158452828,
            0.0020210710770947288,
            0.0183651125064642,
            0.039906031691320183,
            0.041224289686364768,
            0.043756090269888359,
            0.048848759942284735,
            0.053068978271776215,
            0.099434820216727601
        ],
        "doc_3": [
            2.1101291639972105e-47,
            0.007305606350459585,
            0.0097782162673985522,
            0.010829707361527201,
            0.014837120115298247,
            0.024278935388323503,
            0.026106082681546256,
            0.028889413934527833,
            0.053901549345125914,
            0.067834934136877911
        ],
        "doc_4": [
            5.004469854330898e-47,
            0.010232189305693395,
            0.010809624883641821,
            0.011304852677669725,
            0.013121765672880481,
            0.019149435991324387,
            0.025668145501888704,
            0.029417761554713363,
            0.062145677936139225,
            0.062332114558376367
        ],
        "doc_5": [
            0.00045404922215120654,
            0.0021623308211959876,
            0.0038678943057406504,
            0.0070722387679108588,
            0.011425199116237177,
            0.027085833558944318,
            0.051408899680035321,
            0.071509273785453895,
            0.09259155617615826,
            0.14502923329897874
        ],
        "doc_6": [
            0.0045982887755436118,
            0.015248152155352853,
            0.016292899103374704,
            0.023724417430456689,
            0.078045592977544473,
            0.10085614457211008,
            0.1210660748226061,
            0.12762251495538116,
            0.14234659491325802,
            0.14362611861924049
        ],
        "doc_7": [
            0.0065757050964565479,
            0.01369819349405964,
            0.014480594510924276,
            0.020441928091377539,
            0.037644632497054152,
            0.073816554712594185,
            0.081910527541872308,
            0.11487158621399085,
            0.11637440630695359,
            0.13609815866693251
        ]
    },
    "time_slice_1_topics": [
        "0.027*work + 0.020*comput + 0.019*system + 0.016*peopl + 0.015*time",
        "0.009*file + 0.009*system + 0.008*link + 0.007*augment + 0.007*statement",
        "0.058*execut + 0.046*power + 0.044*conceptu + 0.041*artifact + 0.034*argument",
        "0.074*develop + 0.070*system + 0.068*comput + 0.067*capabl + 0.062*human",
        "0.029*procedur + 0.028*machin + 0.023*abil + 0.023*imag + 0.022*delet",
        "0.103*innov + 0.046*return + 0.032*repertoir + 0.029*arbitrari + 0.028*lower",
        "0.019*devic + 0.016*select + 0.013*time + 0.012*target + 0.010*subject",
        "0.017*question + 0.017*object + 0.016*consid + 0.016*thought + 0.016*increas",
        "0.007*keyset + 0.006*augment + 0.006*mous + 0.006*termin + 0.006*comput",
        "0.020*market + 0.013*product + 0.011*research + 0.006*element + 0.006*class"
    ],
    "time_slice_2": {
        "doc_10": [
            3.3050871081596547e-47,
            3.5205250246486126e-47,
            0.0021792844910625397,
            0.0026098417423739109,
            0.0043865649734133655,
            0.0061103678294115874,
            0.0072949439194392972,
            0.015348018709730625,
            0.022753037805554543,
            0.027936890586453246
        ],
        "doc_11": [
            4.8784257527063853e-48,
            6.2181523582067624e-48,
            6.4624422646489909e-48,
            1.0520354453311997e-47,
            2.5182748502993024e-47,
            3.0118167751239499e-47,
            3.1837647988988551e-47,
            0.0054086402744724146,
            0.018341966721986097,
            0.039664838770340015
        ],
        "doc_12": [
            6.1147994521257612e-48,
            3.1803726788264132e-47,
            3.4464899032860415e-47,
            0.00035892745453562739,
            0.0041269537326755028,
            0.0048146178617753284,
            0.0061035506883648201,
            0.019553299778388957,
            0.023369385722836981,
            0.027268854599679846
        ],
        "doc_13": [
            5.3452168308334305e-48,
            3.8002468123826325e-47,
            0.001700076069024983,
            0.0042767409658441757,
            0.0045287330269290294,
            0.0070218812598832649,
            0.0074992649746277382,
            0.0092139904716274992,
            0.014552191314665891,
            0.020659123691307082
        ],
        "doc_14": [
            6.7089375080339317e-48,
            5.5668777100290522e-47,
            0.0018184754466538803,
            0.0041410205589619362,
            0.0063486454467313082,
            0.0068265855546853623,
            0.011041608212449042,
            0.013290620949622845,
            0.022688484219291708,
            0.026275194630814742
        ],
        "doc_15": [
            4.757931594707801e-48,
            5.1576678691396902e-48,
            7.8718624184700014e-48,
            1.5339646701458388e-47,
            1.8663727362766671e-47,
            2.2241163803765493e-47,
            2.3521089813537256e-47,
            0.0023000525768436925,
            0.005018757052821122,
            0.041488814504081706
        ],
        "doc_16": [
            5.8498217345778824e-48,
            7.0930210372490878e-48,
            1.0348634711230134e-47,
            1.2593861052473631e-47,
            1.3265845309084763e-47,
            0.00073917529344198741,
            0.0027355691263957252,
            0.0079392560771560962,
            0.0088069396965333099,
            0.081563273648708856
        ],