{
    "info": {
        "num_slices": 5,
        "num_topics": 7,
        "time_slices": [
            3,
            9,
            5,
            8,
            0
        ]
    },
    "time_slice_0": {
        "doc_0": [
            0.016592283133463122,
            0.028495140641582387,
            0.03913411347875375,
            0.039236887558093715,
            0.04205460349139381,
            0.090530908087809531,
            0.1022753963415029
        ],
        "doc_1": [
            0.067973059666560545,
            0.069735271955135833,
            0.094256630809140596,
            0.16086265851209755,
            0.1773524806131325,
            0.3046798976416708,
            0.41455242068645087
        ],
        "doc_2": [
            0.039157549685844839,
            0.039862728564393671,
            0.047225289009762937,
            0.055843864708376316,
            0.058408322619934686,
            0.074315922640059873,
            0.15934227858032179
        ]
    },
    "time_slice_0_topics": [
        "0.007*flexibl + 0.007*system + 0.006*larg + 0.006*support + 0.006*document + 0.005*knowledg + 0.005*work + 0.005*augment + 0.005*file + 0.004*user + 0.004*data + 0.004*applic + 0.004*link + 0.003*journal + 0.003*enabl",
        "0.007*flexibl + 0.007*system + 0.006*larg + 0.006*support + 0.006*document + 0.005*knowledg + 0.005*work + 0.005*augment + 0.005*file + 0.004*user + 0.004*data + 0.004*applic + 0.004*link + 0.003*journal + 0.003*enabl",
        "0.007*flexibl + 0.007*system + 0.006*larg + 0.006*support + 0.006*document + 0.005*knowledg + 0.005*work + 0.005*augment + 0.005*file + 0.004*user + 0.004*data + 0.004*applic + 0.004*link + 0.003*journal + 0.003*enabl",
        "0.007*flexibl + 0.007*system + 0.006*larg + 0.006*support + 0.006*document + 0.005*knowledg + 0.005*work + 0.005*augment + 0.005*file + 0.004*user + 0.004*data + 0.004*applic + 0.004*link + 0.003*journal + 0.003*enabl",
        "0.007*flexibl + 0.007*system + 0.006*larg + 0.006*support + 0.006*document + 0.005*knowledg + 0.005*work + 0.005*augment + 0.005*file + 0.004*user + 0.004*data + 0.004*applic + 0.004*link + 0.003*journal + 0.003*enabl",
        "0.007*flexibl + 0.007*system + 0.006*larg + 0.006*support + 0.006*document + 0.005*knowledg + 0.005*work + 0.005*augment + 0.005*file + 0.004*user + 0.004*data + 0.004*applic + 0.004*link + 0.003*journal + 0.003*enabl",
        "0.007*flexibl + 0.007*system + 0.006*larg + 0.006*support + 0.006*document + 0.005*knowledg + 0.005*work + 0.005*augment + 0.005*file + 0.004*user + 0.004*data + 0.004*applic + 0.004*link + 0.003*journal + 0.003*enabl"
    ],
    "time_slice_1": {
        "doc_10": [
            0.0064861645445421379,
            0.020178568485830297,
            0.026288652312169866,
            0.026897425447876478,
            0.028513812487561956,
            0.036246847664036311,
            0.037167452292856444
        ],
        "doc_11": [
            0.0014551271279137034,
            0.0071847574459622541,
            0.017839729986695349,
            0.019780556769561877,
            0.02928659728509684,
            0.038346955603697976,
            0.069110034063909073
        ],
        "doc_3": [
            0.020481608825055897,
            0.035084582060662582,
            0.038007214714024122,
            0.055729537612518774,
            0.064328530874658077,
            0.096017095920424553,
            0.11114812421995032
        ],
        "doc_4": [
            0.015221783067220324,
            0.030097766941052515,
            0.034566501503192883,
            0.038381558803778901,
            0.046993927677338287,
            0.065797182913193364,
            0.079691156728625187
        ],
        "doc_5": [
            0.0068844371645230438,
            0.033406288636066692,
            0.036781419972638632,
            0.040836319137657152,
            0.04310334064663969,
            0.045187414698353523,
            0.052227820899335628
        ],
        "doc_6": [
            0.02009389290722682,
            0.020751681713548333,
            0.021805555671103431,
            0.032971384806205151,
            0.035325696001620922,
            0.05675035235042148,
            0.067506162254067026
        ],
        "doc_7": [
            0.0076818153436357456,
            0.013330443527211034,
            0.021112608386463599,
            0.025846081819066016,
            0.034414971929119638,
            0.049725265772214131,
            0.055472719247378476
        ],
        "doc_8": [
            1.8904938563822058e-47,
            0.0041361628179759739,
            0.0053637856021939651,
            0.020523135882947331,
            0.027289869444968185,
            0.035446370419682099,
            0.039967467003168757
        ],
        "doc_9": [
            0.001709458089815854,
            0.0051894272292819866,
            0.020101269673264196,
            0.027370010854392977,
            0.031439697694333434,
            0.032637907333855215,
            0.045329749716677976
        ]
    },
    "time_slice_1_topics": [
        "0.007*flexibl + 0.007*system + 0.006*larg + 0.006*support + 0.006*document + 0.005*knowledg + 0.005*work + 0.005*augment + 0.005*file + 0.004*user + 0.004*data + 0.004*applic + 0.004*link + 0.003*journal + 0.003*enabl",
        "0.129*system + 0.101*develop + 0.067*work + 0.051*control + 0.045*gener + 0.038*statement + 0.037*provid + 0.033*view + 0.026*point + 0.025*studi + 0.019*network + 0.016*termin + 0.016*find + 0.015*nl + 0.014*high",
        "0.029*symbol + 0.024*process + 0.013*concept + 0.011*structur + 0.008*capabl + 0.008*develop + 0.008*human + 0.007*comput + 0.006*system + 0.005*problem + 0.005*augment + 0.005*framework + 0.004*work + 0.004*manipul + 0.004*limit",
        "0.054*time + 0.026*chang + 0.025*peopl + 0.024*call + 0.021*move + 0.020*design + 0.020*start + 0.016*devic + 0.016*sort + 0.016*set + 0.015*oper + 0.014*year + 0.012*real + 0.012*lot + 0.012*interest",
        "0.044*target + 0.029*bug + 0.028*hierarchi + 0.028*arc + 0.027*test + 0.027*card + 0.023*light + 0.022*motion + 0.022*situat + 0.022*keyboard + 0.021*close + 0.020*methodolog + 0.020*space + 0.019*appear + 0.017*rel",
        "0.142*comput + 0.085*augment + 0.057*will + 0.048*effect + 0.035*sri + 0.027*techniqu + 0.027*charact + 0.026*institut + 0.023*center + 0.023*mental + 0.022*word + 0.021*entiti + 0.019*report + 0.019*increas + 0.018*stanford",
        "0.070*human + 0.064*capabl + 0.038*organ + 0.038*problem + 0.033*improv + 0.025*knowledg + 0.020*tool + 0.018*activ + 0.017*level + 0.016*kind + 0.015*user + 0.015*technolog + 0.014*integr + 0.014*work + 0.013*group"
    ],
    "time_slice_2": {
        "doc_12": [
            2.7428450658719332e-47,
            4.7339053574296557e-47,
            5.0862112253371476e-47,
            0.0038180416828071024,
            0.0049715138191880779,
            0.0096995179406549979,
            0.031946237587499711
        ],
        "doc_13": [
            2.0759905875458549e-47,
            0.0070451389185953173,
            0.0078339409681753135,
            0.009576748652840205,
            0.015624669273978259,
            0.020766794201707638,
            0.057278727137195652
        ],
        "doc_14": [
            0.0079613304842521965,
            0.012663139695151,
            0.013623487142870913,
            0.025371833696341623,
            0.029273103427598392,
            0.055634061415477866,
            0.06502636816391584
        ],
        "doc_15": [
            2.6205227049887568e-47,
            0.00066570384795148606,
            0.0035960137619245377,
            0.014528019981854006,
            0.01609137857593915,
            0.018967435760699945,
            0.03740739255418802
        ],